text,image_path,sentiment,will_rebuy
"Loa Bluetooth này bị lỗi, không kết nối được, rất thất vọng.",Bluetooth Bone Conduction Speaker.jpg,0,0
"Tai nghe này chất lượng kém, âm thanh rất tệ.",,0,0
"Camera hành trình này khiếu nại, shop xử lý không ổn.",,0,0
"Máy chiếu này bị hỏng ngay khi nhận, không chấp nhận được.",,0,0
"Chuột không dây này rất tệ, không mua nữa.",,0,0
"Cho mình hỏi loa Bluetooth này pin dùng được bao lâu?",Bluetooth Bone Conduction Speaker.jpg,1,0
"Tai nghe này có thể kết nối với điện thoại không?",,1,0
"Camera hành trình này cũng được, không có gì đặc biệt.",,1,0
"Máy chiếu này tạm ổn.",,1,0
"Nhờ shop tư vấn thêm về chuột không dây này.",,1,0
"Loa Bluetooth này rất tốt, âm thanh hay, sẽ ủng hộ lâu dài!",Bluetooth Bone Conduction Speaker.jpg,2,1
"Tai nghe này hài lòng, chất lượng đúng mô tả.",JLab JBuds Mini True Wireless Earbuds.jpg,2,1
"Cảm ơn shop, sẽ mua thêm camera hành trình khác.",,2,1
"Máy chiếu này rất thích, đóng gói cẩn thận.",Kodak Luma 75 Ultra Mini Projector.jpg,2,1
"Chuột không dây này tuyệt vời, ủng hộ shop.",Logitech POP Mouse Wireless.jpg,2,1
"Loa này hỏng, không phát được âm thanh.",Bluetooth Bone Conduction Speaker.jpg,0,0
"Tai nghe này dở, không như mong đợi.",,0,0
"Camera hành trình này ok tốt.",Garmin Dash Cam Mini 3 Ultra‑Compact.jpg,2,1
"Máy chiếu này xuất sắc!",Kodak Luma 75 Ultra Mini Projector.jpg,2,1
"Mình cần đổi loa Bluetooth này sang màu khác.",Bluetooth Bone Conduction Speaker.jpg,1,0
"Tai nghe này tạm ổn, nhưng mà pin yếu quá.",JLab JBuds Mini True Wireless Earbuds.jpg,1,0
"Camera hành trình này cũng được, không biết nói gì luôn.",,1,0
"Vừa mua máy chiếu xong, để xem sao.",Kodak Luma 75 Ultra Mini Projector.jpg,1,0
"Lần trước mua chuột tốt lắm, lần này thì tạm.",Logitech POP Mouse Wireless.jpg,1,0
"Cảm ơn shop đã phản hồi nhanh về loa dù vẫn chưa xử lý xong.",,1,0
"Đúng là không thể tin được về chất lượng tai nghe này.",,1,0
"Bao bì camera hành trình bị rách, hàng bên trong cũng hỏng.",Garmin Dash Cam Mini 3 Ultra‑Compact.jpg,0,0
"Máy chiếu này chất lượng kém hơn so với mô tả.",Kodak Luma 75 Ultra Mini Projector.jpg,0,0
"Shop phản hồi chậm về chuột, không hài lòng.",,0,0
"Màu sắc loa Bluetooth không đúng như hình.",Bluetooth Bone Conduction Speaker.jpg,0,0
"Tai nghe này không chuẩn, quá nhỏ so với tai.",JLab JBuds Mini True Wireless Earbuds.jpg,0,0
"Đổi trả camera hành trình phức tạp, không muốn mua lại.",,0,0
"Giao hàng máy chiếu sai địa chỉ, rất bực mình.",,0,0
"Chuột này lỗi nhưng shop không chịu đổi.",Logitech POP Mouse Wireless.jpg,0,0
"Loa Bluetooth này không đáng giá tiền, thất vọng.",,0,0
"Tai nghe này có vẻ như đã qua sử dụng.",JLab JBuds Mini True Wireless Earbuds.jpg,0,0
"Camera hành trình này dễ hỏng.",Garmin Dash Cam Mini 3 Ultra‑Compact.jpg,0,0
"Máy chiếu này không như mong đợi, sẽ không mua nữa.",,0,0
"Shop không chịu trách nhiệm về lỗi chuột.",,0,0
"Đóng gói loa Bluetooth cẩu thả, hàng bị hỏng.",Bluetooth Bone Conduction Speaker.jpg,0,0
"Tai nghe này giá cao nhưng chất lượng thấp.",,0,0
"Không hài lòng với dịch vụ chăm sóc khách hàng về camera.",,0,0
"Máy chiếu này bị lỗi kỹ thuật.",Kodak Luma 75 Ultra Mini Projector.jpg,0,0
"Thời gian giao hàng chuột quá chậm.",,0,0
"Loa Bluetooth này không đúng với mô tả trên website.",,0,0
"Shop xử lý khiếu nại về tai nghe không tốt.",,0,0
"Mình muốn hỏi về chính sách đổi trả camera hành trình.",Garmin Dash Cam Mini 3 Ultra‑Compact.jpg,1,0
"Có thể giao hàng máy chiếu vào cuối tuần không?",,1,0
"Chuột này có nhiều màu không?",Logitech POP Mouse Wireless.jpg,1,0
"Cho mình xem thêm hình ảnh thực tế của loa Bluetooth.",Bluetooth Bone Conduction Speaker.jpg,1,0
"Tai nghe này có form vừa tai không?",JLab JBuds Mini True Wireless Earbuds.jpg,1,0
"Camera hành trình này có bền không?",,1,0
"Giá máy chiếu này có thể giảm thêm không?",,1,0
"Có mã giảm giá cho chuột không?",,1,0
"Đơn hàng loa Bluetooth đã được xử lý chưa?",,1,0
"Tai nghe này phù hợp với điện thoại nào?",,1,0
"Có thể mua trả góp camera hành trình không?",,1,0
"Bao lâu thì nhận được máy chiếu?",,1,0
"Có thể đổi chuột này sang màu khác không?",Logitech POP Mouse Wireless.jpg,1,0
"Loa Bluetooth này có đầy đủ phụ kiện không?",Bluetooth Bone Conduction Speaker.jpg,1,0
"Cho mình hỏi về chính sách bảo hành tai nghe.",,1,0
"Có thể xem video review camera hành trình không?",,1,0
"Máy chiếu này có hàng không?",,1,0
"Mình muốn biết thêm về pin của chuột.",,1,0
"Có thể mua kèm loa Bluetooth với tai nghe không?",,1,0
"Đơn hàng camera hành trình có thể hủy không?",,1,0
"Máy chiếu này có phù hợp với phòng nhỏ không?",,1,0
"Cảm ơn shop, loa Bluetooth đẹp lắm!",Bluetooth Bone Conduction Speaker.jpg,2,1
"Rất hài lòng với tai nghe, sẽ mua thêm.",JLab JBuds Mini True Wireless Earbuds.jpg,2,1
"Camera hành trình này chất lượng tốt, đúng như mong đợi.",Garmin Dash Cam Mini 3 Ultra‑Compact.jpg,2,1
"Máy chiếu này giao hàng nhanh, đóng gói cẩn thận.",Kodak Luma 75 Ultra Mini Projector.jpg,2,1
"Chuột này đẹp, giá hợp lý.",Logitech POP Mouse Wireless.jpg,2,1
"Shop phục vụ tốt về loa Bluetooth, cảm ơn nhiều.",,2,1
"Rất thích tai nghe này, sẽ giới thiệu cho bạn bè.",,2,1
"Camera hành trình này đúng mô tả, rất hài lòng.",,2,1
"Máy chiếu này chất lượng vượt mong đợi.",,2,1
"Sẽ ủng hộ shop lâu dài về chuột.",,2,1
"Loa Bluetooth này tốt, đáng giá tiền.",Bluetooth Bone Conduction Speaker.jpg,2,1
"Tai nghe này giao hàng đúng hẹn, rất chuyên nghiệp.",,2,1
"Cảm ơn shop đã tư vấn nhiệt tình về camera.",,2,1
"Máy chiếu này đẹp, chất lượng tốt.",,2,1
"Sẽ mua thêm các sản phẩm khác của shop.",,2,1
"Rất hài lòng với dịch vụ về chuột.",,2,1
"Loa Bluetooth này đúng với hình ảnh.",,2,1
"Tai nghe này đóng gói đẹp, hàng nguyên vẹn.",,2,1
"Shop xử lý đơn hàng camera hành trình nhanh chóng.",,2,1
"Máy chiếu này chất lượng tốt, giá cả hợp lý.",Kodak Luma 75 Ultra Mini Projector.jpg,2,1
"Sẽ quay lại mua tiếp chuột.",,2,1
"Cảm ơn shop, loa Bluetooth rất đẹp.",,2,1
"Rất thích tai nghe này.",,2,1
"Camera hành trình này giao hàng nhanh, đúng hẹn.",,2,1
"Máy chiếu này tốt hơn mong đợi.",,2,1
"Sẽ giới thiệu shop cho người thân về chuột.",,2,1
"Hài lòng với chất lượng loa Bluetooth.",,2,1
"Cảm ơn shop đã phục vụ tốt về tai nghe.",,2,1
"Camera hành trình này đẹp, đúng mô tả.",,2,1
"Rất vui với đơn hàng máy chiếu này.",,2,1
"Sẽ mua thêm nhiều sản phẩm khác.",,2,1
"Chuột này chất lượng tốt, đáng mua.",,2,1
"Shop phục vụ chuyên nghiệp về loa Bluetooth.",,2,1
"Tai nghe này đẹp, giao hàng nhanh.",,2,1
"Camera hành trình này tốt, giá hợp lý.",Garmin Dash Cam Mini 3 Ultra‑Compact.jpg,2,1
"Rất hài lòng với máy chiếu, cảm ơn shop.",,2,1
"Sẽ ủng hộ shop thường xuyên về chuột.",,2,1
"Loa Bluetooth này chất lượng vượt trội.",,2,1
"Tai nghe này giao hàng đúng hẹn, hàng đẹp.",,2,1
"Loa Bluetooth này bị lỗi màu sắc, không giống hình.",Bluetooth Bone Conduction Speaker.jpg,0,0
"Tai nghe này chất lượng tệ, không xứng với giá tiền.",JLab JBuds Mini True Wireless Earbuds.jpg,0,0
"Camera hành trình này giao hàng trễ hẹn nhiều ngày.",,0,0
"Máy chiếu này bị hỏng ngay khi nhận.",Kodak Luma 75 Ultra Mini Projector.jpg,0,0
"Shop không chịu giải quyết vấn đề về chuột.",,0,0
"Đổi trả loa Bluetooth khó khăn, thủ tục rườm rà.",,0,0
"Tai nghe này không đúng với cam kết ban đầu.",,0,0
"Camera hành trình này chất lượng kém, mất uy tín.",Garmin Dash Cam Mini 3 Ultra‑Compact.jpg,0,0
"Máy chiếu này bị thiếu phụ kiện.",,0,0
"Đóng gói chuột không cẩn thận, hàng bị méo.",Logitech POP Mouse Wireless.jpg,0,0
"Loa Bluetooth này dùng được, nhưng chưa chắc sẽ mua lại.",Bluetooth Bone Conduction Speaker.jpg,1,1
"Tai nghe này tạm ổn, có thể cân nhắc mua tiếp.",JLab JBuds Mini True Wireless Earbuds.jpg,1,1
"Camera hành trình này chất lượng ổn, có thể thử thêm sản phẩm khác.",,1,1
"Máy chiếu này không có gì đặc biệt nhưng cũng hài lòng.",Kodak Luma 75 Ultra Mini Projector.jpg,1,1
"Chuột này ổn, có thể sẽ mua lại sau.",Logitech POP Mouse Wireless.jpg,1,1
"Loa Bluetooth này tạm được, sẽ cân nhắc mua thêm.",,1,1
"Tai nghe này không quá tốt nhưng cũng không tệ.",,1,1
"Camera hành trình này có thể dùng được, chưa chắc mua lại.",Garmin Dash Cam Mini 3 Ultra‑Compact.jpg,1,0
"Máy chiếu này bình thường, không rõ có mua lại không.",,1,0
"Chuột này tạm ổn nhưng chưa quyết định.",Logitech POP Mouse Wireless.jpg,1,0
"Loa Bluetooth này chưa có ý kiến gì đặc biệt.",,1,0
"Tai nghe này ok, chưa nghĩ đến việc mua lại.",,1,0
"Máy chiếu này tạm được, nhưng chưa muốn mua thêm.",,1,0
"Camera hành trình này không có gì để nói nhiều.",,1,0
"Chuột này có bảo hành bao lâu?",,1,0
"Loa Bluetooth này giá này có phải giá cuối cùng không?",,1,0
"Có chương trình khuyến mãi nào cho tai nghe không?",JLab JBuds Mini True Wireless Earbuds.jpg,1,1
"Camera hành trình này có phù hợp với xe hơi không?",,1,0
"Máy chiếu này có đủ độ sáng không?",Kodak Luma 75 Ultra Mini Projector.jpg,1,0
"Chuột này có dễ cài đặt không?",,1,0
"Loa Bluetooth này có mùi gì không?",,1,0
"Cho mình hỏi về cách sử dụng tai nghe.",,1,0
"Camera hành trình này có xuất xứ từ đâu?",,1,0
"Có thể đổi trả máy chiếu trong bao lâu?",,1,0
"Chuột này tốt, mình sẽ mua thêm.",Logitech POP Mouse Wireless.jpg,1,1
"Loa Bluetooth này ổn, có thể sẽ ủng hộ tiếp.",,1,1
"Tai nghe này không tệ, có thể cân nhắc mua lại.",JLab JBuds Mini True Wireless Earbuds.jpg,1,1
"Camera hành trình này đúng với giá tiền.",,1,1
"Máy chiếu này tạm hài lòng, sẽ xem xét mua thêm.",Kodak Luma 75 Ultra Mini Projector.jpg,1,1
"Cảm ơn shop đã giao hàng chuột đúng hẹn.",,1,1
"Loa Bluetooth này ổn, có thể sẽ mua lại.",Bluetooth Bone Conduction Speaker.jpg,1,1
"Tai nghe này chất lượng đúng với mô tả.",,1,1
"Camera hành trình này rất tốt, đóng gói đẹp.",Garmin Dash Cam Mini 3 Ultra‑Compact.jpg,2,1
"Cảm ơn shop, máy chiếu như mong đợi.",,2,1
"Hài lòng với chất lượng chuột.",Logitech POP Mouse Wireless.jpg,2,1
"Sẽ mua thêm nhiều sản phẩm khác của shop.",,2,1
"Rất thích loa Bluetooth này, đúng chất lượng mong đợi.",Bluetooth Bone Conduction Speaker.jpg,2,1
"Tai nghe này xuất sắc, sẽ giới thiệu.",,2,1
"Shop phục vụ tốt về camera hành trình, sản phẩm chất lượng.",,2,1
"Cảm ơn shop đã tư vấn nhiệt tình về máy chiếu.",,2,1
"Rất hài lòng với trải nghiệm mua chuột.",,2,1
"Loa Bluetooth này vượt mong đợi, giá cả hợp lý.",,2,1
"Sẽ quay lại ủng hộ shop thường xuyên về tai nghe.",,2,1
"Camera hành trình này chất lượng tốt, đáng giá tiền.",,2,1
"Rất thích máy chiếu này của shop.",Kodak Luma 75 Ultra Mini Projector.jpg,2,1
"Chuột này giao hàng nhanh, đóng gói cẩn thận.",,2,1
"Loa Bluetooth này đẹp, đúng với hình ảnh.",Bluetooth Bone Conduction Speaker.jpg,2,1
"Cảm ơn shop, sẽ mua thêm nhiều tai nghe khác.",,2,1
"Rất hài lòng về camera hành trình, sẽ giới thiệu cho bạn bè.",,2,1
"Máy chiếu này tốt, giá cả phải chăng.",,2,1
"Shop phục vụ chuyên nghiệp và nhiệt tình về chuột.",,2,1
"Sẽ ủng hộ shop lâu dài về loa Bluetooth.",,2,1
"Tai nghe này chất lượng vượt trội so với mong đợi.",,2,1
"Rất vui với đơn hàng camera hành trình này.",,2,1
"Máy chiếu này đúng mô tả, rất hài lòng.",,2,1
"Cảm ơn shop đã giao hàng chuột đúng hẹn.",,2,1
"Sẽ mua thêm các sản phẩm khác của shop.",,2,1
"Rất thích loa Bluetooth này, đóng gói đẹp và cẩn thận.",,2,1
"Tai nghe này tốt, đáng đầu tư.",,2,1
"Cảm ơn shop, sẽ quay lại mua tiếp camera hành trình.",,2,1
"Rất hài lòng với chất lượng máy chiếu.",,2,1
"Chuột này đẹp, giao hàng nhanh.",,2,1
"Sẽ giới thiệu shop cho người thân về loa Bluetooth.",,2,1
"Cảm ơn shop đã phục vụ tốt về tai nghe.",,2,1
"Camera hành trình này tốt hơn mong đợi.",,2,1
"Rất thích máy chiếu này, sẽ mua thêm nhiều sản phẩm.",,2,1
"Chuột này đúng với hình ảnh và mô tả.",Logitech POP Mouse Wireless.jpg,2,1
"Rất hài lòng với dịch vụ của shop về loa Bluetooth.",Bluetooth Bone Conduction Speaker.jpg,2,1
"Loa Bluetooth này bị lỗi kỹ thuật, không hoạt động được.",Bluetooth Bone Conduction Speaker.jpg,0,0
"Shop giao hàng sai tai nghe, rất bực mình.",,0,0
"Camera hành trình này chất lượng quá tệ, không thể chấp nhận được.",Garmin Dash Cam Mini 3 Ultra‑Compact.jpg,0,0
"Máy chiếu này có thể dùng thử không?",Kodak Luma 75 Ultra Mini Projector.jpg,1,0
"Cho mình hỏi về thời gian bảo hành chuột.",Logitech POP Mouse Wireless.jpg,1,0
"Loa Bluetooth này có thể trả lại nếu không hài lòng không?",,1,0
"Tai nghe này tạm được, có thể sẽ mua lại nếu cần.",JLab JBuds Mini True Wireless Earbuds.jpg,1,1
"Camera hành trình này ổn, sẽ cân nhắc mua thêm.",,1,1
"Máy chiếu này không tệ lắm, có thể sẽ ủng hộ tiếp.",Kodak Luma 75 Ultra Mini Projector.jpg,1,1
"Chuột này tốt, mình sẽ mua thêm lần sau.",Logitech POP Mouse Wireless.jpg,1,1
"Loa Bluetooth này rất hài lòng, sẽ quay lại mua tiếp.",Bluetooth Bone Conduction Speaker.jpg,2,1
"Tai nghe này tuyệt vời, đáng giá tiền.",JLab JBuds Mini True Wireless Earbuds.jpg,2,1
"Cảm ơn shop, camera hành trình chất lượng cao.",Garmin Dash Cam Mini 3 Ultra‑Compact.jpg,2,1
"Sẽ giới thiệu shop cho nhiều người về máy chiếu.",,2,1
"Rất thích chuột này, sẽ mua thêm nhiều sản phẩm khác.",Logitech POP Mouse Wireless.jpg,2,1
"Loa Bluetooth này tốt, giá cả hợp lý.",Bluetooth Bone Conduction Speaker.jpg,2,1
